{
  "simulation": {
    "duration_s": 180.0,
    "n_channels": 30,
    "n_oscillators": 30,
    "sfreq": 250.0,
    "regimes": [
      "global",
      "cluster",
      "sparse",
      "ring"
    ]
  },
  "latent_shape": [
    10000,
    32
  ],
  "compression_ratio": 4.0,
  "flow_metrics": {
    "global": {
      "speed": 1.3852444887161255,
      "speed_cv": 0.3847569227218628,
      "tortuosity": 485.3613586425781,
      "explored_variance": 14.944963455200195
    },
    "cluster": {
      "speed": 1.4851069450378418,
      "speed_cv": 0.3591240644454956,
      "tortuosity": 1723.2786865234375,
      "explored_variance": 16.144975662231445
    },
    "sparse": {
      "speed": 1.0309165716171265,
      "speed_cv": 0.3958513140678406,
      "tortuosity": 953.0584106445312,
      "explored_variance": 7.7479248046875
    },
    "ring": {
      "speed": 1.367355465888977,
      "speed_cv": 0.40014398097991943,
      "tortuosity": 962.6436157226562,
      "explored_variance": 10.104011535644531
    }
  },
  "discriminability": {
    "speed": {
      "f_statistic": 105.30245869420415,
      "p_value": 1.2206807544377832e-40,
      "eta_squared": 0.6171182343569024,
      "effect_size": "large",
      "n_windows": [
        50,
        50,
        50,
        50
      ]
    },
    "variance": {
      "f_statistic": 75.20506134500575,
      "p_value": 2.0660779280683233e-32,
      "eta_squared": 0.535121107062106,
      "effect_size": "large",
      "n_windows": [
        50,
        50,
        50,
        50
      ]
    },
    "tortuosity": {
      "f_statistic": 1.4874175449966809,
      "p_value": 0.21922304152428945,
      "eta_squared": 0.022259814884526358,
      "effect_size": "small",
      "n_windows": [
        50,
        50,
        50,
        50
      ]
    }
  }
}