{
  "simulation": {
    "duration_s": 180.0,
    "n_channels": 30,
    "n_oscillators": 30,
    "sfreq": 250.0,
    "regimes": [
      "global",
      "cluster",
      "sparse",
      "ring"
    ]
  },
  "latent_shape": [
    10000,
    32
  ],
  "compression_ratio": 4.0,
  "flow_metrics": {
    "global": {
      "speed": 1.6969820261001587,
      "speed_cv": 0.2892255485057831,
      "tortuosity": 816.4846801757812,
      "explored_variance": 22.401504516601562
    },
    "cluster": {
      "speed": 1.8489574193954468,
      "speed_cv": 0.2479928433895111,
      "tortuosity": 3045.210693359375,
      "explored_variance": 24.229171752929688
    },
    "sparse": {
      "speed": 1.6930454969406128,
      "speed_cv": 0.2933558225631714,
      "tortuosity": 1219.773193359375,
      "explored_variance": 20.91054916381836
    },
    "ring": {
      "speed": 1.9216078519821167,
      "speed_cv": 0.2847631275653839,
      "tortuosity": 3249.00927734375,
      "explored_variance": 21.009292602539062
    }
  },
  "discriminability": {
    "speed": {
      "f_statistic": 19.528329148621076,
      "p_value": 4.048967938511965e-11,
      "eta_squared": 0.23011956845352782,
      "effect_size": "large",
      "n_windows": [
        50,
        50,
        50,
        50
      ]
    },
    "variance": {
      "f_statistic": 9.24335841359849,
      "p_value": 9.5322610387037e-06,
      "eta_squared": 0.12394433430976722,
      "effect_size": "medium",
      "n_windows": [
        50,
        50,
        50,
        50
      ]
    },
    "tortuosity": {
      "f_statistic": 0.8752819288646851,
      "p_value": 0.45485815548034125,
      "eta_squared": 0.013220060945217047,
      "effect_size": "small",
      "n_windows": [
        50,
        50,
        50,
        50
      ]
    }
  }
}