{
  "simulation": {
    "duration_s": 160.0,
    "n_channels": 30,
    "n_oscillators": 30,
    "sfreq": 250.0,
    "regimes": [
      "global",
      "cluster",
      "sparse",
      "ring"
    ]
  },
  "latent_shape": [
    10000,
    32
  ],
  "compression_ratio": 4.0,
  "flow_metrics": {
    "global": {
      "speed": 1.5647531747817993,
      "speed_cv": 4.826777935028076,
      "tortuosity": 17.969707489013672,
      "explored_variance": 98.3118896484375
    },
    "cluster": {
      "speed": 1.3683068752288818,
      "speed_cv": 0.28614020347595215,
      "tortuosity": 3098.86572265625,
      "explored_variance": 13.026449203491211
    },
    "sparse": {
      "speed": 0.889370322227478,
      "speed_cv": 0.3586841821670532,
      "tortuosity": 1476.98876953125,
      "explored_variance": 6.2031168937683105
    },
    "ring": {
      "speed": 0.9666814208030701,
      "speed_cv": 0.5136749148368835,
      "tortuosity": 180.91688537597656,
      "explored_variance": 5.174914360046387
    }
  },
  "discriminability": {
    "speed": {
      "f_statistic": 9.678911209106445,
      "p_value": 2.817749589212326e-08,
      "eta_squared": 0.8102506995201111,
      "effect_size": "large"
    },
    "variance": {
      "f_statistic": 0.7206399440765381,
      "p_value": 0.7471870183944702,
      "eta_squared": 0.2412339746952057,
      "effect_size": "large"
    },
    "tortuosity": {
      "f_statistic": 1.8210034370422363,
      "p_value": 0.07297459244728088,
      "eta_squared": 0.4454869031906128,
      "effect_size": "large"
    }
  }
}